domain_clean,tier1,tier1_kaggle,title,keywords,text
kissis.fi,Adult,People & Society,kissis,"dating, adult content, relationships, personal ads, hookups, adult entertainment, social networking, finnish dating","kissis.fi | kissis | dating, adult content, relationships, personal ads, hookups, adult entertainment, social networking, finnish dating"
just.xxx,Adult,Adult,vr xxx videos & xxx movies,"adult videos, pornography, adult entertainment, explicit content, adult movies, sexual content, xxx videos, adult tube site, pornographic material, adult streaming","just.xxx | vr xxx videos & xxx movies | adult videos, pornography, adult entertainment, explicit content, adult movies, sexual content, xxx videos, adult tube site, pornographic material, adult streaming"
miess.com.br,Adult,Shopping,sex shop e lingerie: atacado e varejo | miess,"sex shop, lingerie, adult products, erotic items, intimate apparel, wholesale, retail, adult toys, sensual products, intimate accessories","miess.com.br | sex shop e lingerie: atacado e varejo | miess | sex shop, lingerie, adult products, erotic items, intimate apparel, wholesale, retail, adult toys, sensual products, intimate accessories"
theotherblog.info,Adult,Games,เดิมพันกีฬา พนันบอล แทงบอลออนไลน์ – เว็บเดิมพันกีฬาออนไลน์ แทงบอลผ่านมือถือ พนันบอลผ่านเว็บ,"sports betting, online gambling, football betting, mobile betting, sports wagering, online casino, betting website, gambling platform, sports gambling, betting odds","theotherblog.info | เดิมพันกีฬา พนันบอล แทงบอลออนไลน์ – เว็บเดิมพันกีฬาออนไลน์ แทงบอลผ่านมือถือ พนันบอลผ่านเว็บ | sports betting, online gambling, football betting, mobile betting, sports wagering, online casino, betting website, gambling platform, sports gambling, betting odds"
kinkytom.com,Adult,Adult,exclusive ever-growing selection of free fetish porn sites,"fetish, porn, adult videos, erotic content, adult entertainment, sexual content, adult galleries, explicit material","kinkytom.com | exclusive ever-growing selection of free fetish porn sites | fetish, porn, adult videos, erotic content, adult entertainment, sexual content, adult galleries, explicit material"
aarkangel.wordpress.com,Arts & Entertainment,Internet & Telecom,"simple pleasures part 4 | an exploration of happiness and creativity (by adam gee), focusing on the simple pleasures of life","happiness, creativity, simple pleasures, life exploration, personal blog, mindfulness, well-being, artistic expression, lifestyle, contentment","aarkangel.wordpress.com | simple pleasures part 4 | an exploration of happiness and creativity (by adam gee), focusing on the simple pleasures of life | happiness, creativity, simple pleasures, life exploration, personal blog, mindfulness, well-being, artistic expression, lifestyle, contentment"
mindsoupblog.com,Arts & Entertainment,Online Communities,mind soup,"blog, mind, thoughts, creative writing, personal essays, lifestyle, commentary, reflection, storytelling, ideas","mindsoupblog.com | mind soup | blog, mind, thoughts, creative writing, personal essays, lifestyle, commentary, reflection, storytelling, ideas"
alexjcavanaugh.com,Arts & Entertainment,Books & Literature,alex j. cavanaugh,"author, writer, personal website, creative writing, books, literature, publishing, storytelling, fiction, entertainment","alexjcavanaugh.com | alex j. cavanaugh | author, writer, personal website, creative writing, books, literature, publishing, storytelling, fiction, entertainment"
scenesfromthelilypad.wordpress.com,Arts & Entertainment,Internet & Telecom,"scenes from the lily pad | “you don't make a photograph just with a camera. you bring to the act of photography all the pictures you have seen, the books you have read, the music you have heard, the people you have loved.”  ― ansel adams","photography, blog, creative writing, visual arts, personal reflection, artistic expression, lifestyle, storytelling, image sharing, creative inspiration","scenesfromthelilypad.wordpress.com | scenes from the lily pad | “you don't make a photograph just with a camera. you bring to the act of photography all the pictures you have seen, the books you have read, the music you have heard, the p | photography, blog, creative writing, visual arts, personal reflection, artistic expression, lifestyle, storytelling, image sharing, creative inspiration"
mark-davis-photography.com,Arts & Entertainment,Arts & Entertainment,mark davis photography | welcome to the website of  british photographer and author – mark davis.,"photography, photographer, British photographer, author, professional photography, portrait photography, artistic photography, visual arts, creative services, photography portfolio","mark-davis-photography.com | mark davis photography | welcome to the website of  british photographer and author – mark davis. | photography, photographer, British photographer, author, professional photography, portrait photography, artistic photography, visual arts, creative services, photography portfolio"
downeastoffroad.com,Autos & Vehicles,Autos & Vehicles,down east offroad,"offroad, off-road vehicles, ATV, four wheel drive, outdoor adventure, terrain vehicles, motorsports, recreational vehicles, dirt roads","downeastoffroad.com | down east offroad | offroad, off-road vehicles, ATV, four wheel drive, outdoor adventure, terrain vehicles, motorsports, recreational vehicles, dirt roads"
pitzo.com,Autos & Vehicles,Autos & Vehicles,buy spare parts in india on pitzo - all car spare parts,"car spare parts, automotive accessories, online marketplace, genuine parts, aftermarket parts, vehicle components, auto parts store, car maintenance, automotive supplies, India","pitzo.com | buy spare parts in india on pitzo - all car spare parts | car spare parts, automotive accessories, online marketplace, genuine parts, aftermarket parts, vehicle components, auto parts store, car maintenance, automotive supplies, India"
rs-motorcyclesolutions.de,Autos & Vehicles,Autos & Vehicles,rs motorcycle solutions - top motorradzubehör,"motorcycle accessories, BMW motorcycle parts, Ducati accessories, Moto Guzzi parts, Honda motorcycle gear, Triumph accessories, motorcycle equipment, motorbike solutions, fair prices, motorcycle store","rs-motorcyclesolutions.de | rs motorcycle solutions - top motorradzubehör | motorcycle accessories, BMW motorcycle parts, Ducati accessories, Moto Guzzi parts, Honda motorcycle gear, Triumph accessories, motorcycle equipment, motorbike solutions, fair prices, motorcycle store"
werkhof.at,Autos & Vehicles,Hobbies & Leisure,werkhof marine,"marine, boats, watercraft, nautical, maritime, vessel services, boat maintenance, marine equipment, harbor services, boating","werkhof.at | werkhof marine | marine, boats, watercraft, nautical, maritime, vessel services, boat maintenance, marine equipment, harbor services, boating"
rengasturvallisuus.fi,Autos & Vehicles,Autos & Vehicles,turvallista matkaa - rengasturvallisuus.fi,"tire safety, driving safety, vehicle tires, road safety, automotive, tire maintenance, safe driving, tire information, vehicle safety, Finnish automotive","rengasturvallisuus.fi | turvallista matkaa - rengasturvallisuus.fi | tire safety, driving safety, vehicle tires, road safety, automotive, tire maintenance, safe driving, tire information, vehicle safety, Finnish automotive"
drogerie-plappert.de,Beauty & Fitness,Health,drogerie plappert,"drugstore, pharmacy, personal care, wellness, beauty products, health items, cosmetics, skincare, online shopping, German drugstore","drogerie-plappert.de | drogerie plappert | drugstore, pharmacy, personal care, wellness, beauty products, health items, cosmetics, skincare, online shopping, German drugstore"
laboutiquedelpeluquero.net,Beauty & Fitness,Beauty & Fitness,"productos de peluqueria, estética y uñas. - la boutique del peluquero","hair salon products, beauty supplies, nail products, acrylic nails, gel nails, semi-permanent polish, hairdressing supplies, aesthetic products, professional beauty, online cosmetics store","laboutiquedelpeluquero.net | productos de peluqueria, estética y uñas. - la boutique del peluquero | hair salon products, beauty supplies, nail products, acrylic nails, gel nails, semi-permanent polish, hairdressing supplies, aesthetic products, professional beauty, online cosmetics store"
vitess.com.ua,Beauty & Fitness,Beauty & Fitness,все для салонов красоты в интернет-магазине витесс,"beauty salon supplies, cosmetics, beauty products, salon equipment, beauty industry, professional cosmetics, beauty materials, salon accessories, beauty store, cosmetic supplies","vitess.com.ua | все для салонов красоты в интернет-магазине витесс | beauty salon supplies, cosmetics, beauty products, salon equipment, beauty industry, professional cosmetics, beauty materials, salon accessories, beauty store, cosmetic supplies"
barbierzaak.nl,Beauty & Fitness,Beauty & Fitness,barbierzaak - barbierzaak,"barbershop, hair products, beard care, barber supplies, grooming, men's styling, hair care, barbering tools, beauty products, personal care","barbierzaak.nl | barbierzaak - barbierzaak | barbershop, hair products, beard care, barber supplies, grooming, men's styling, hair care, barbering tools, beauty products, personal care"
vittoriaprofumi.com,Beauty & Fitness,Beauty & Fitness,profumi di nicchia diptyque creed rem montale byredo heeley - vittoria profumi di sbrascini vittoria - vittoria profumi,"niche perfumes, fragrance, cosmetics, luxury perfumes, beauty products, online perfumery, designer scents, makeup, skincare, Italian perfumes","vittoriaprofumi.com | profumi di nicchia diptyque creed rem montale byredo heeley - vittoria profumi di sbrascini vittoria - vittoria profumi | niche perfumes, fragrance, cosmetics, luxury perfumes, beauty products, online perfumery, designer scents, makeup, skincare, Italian perfumes"
agnesbokblogg.blogspot.com,Books & Literature,Online Communities,agnes bokblogg,"book blog, book reviews, literature, reading, books, literary discussion, book recommendations, bibliophile, book criticism, Swedish literature","agnesbokblogg.blogspot.com | agnes bokblogg | book blog, book reviews, literature, reading, books, literary discussion, book recommendations, bibliophile, book criticism, Swedish literature"
prrozza.com,Books & Literature,People & Society,"\
נוֹשָׁנוֹת | פכים קטנים ועניינים שונים מתוך כתבים ישנים. הבסטה שלי בשוק הפשפשים של הזיכרון הקולקטיבי. _____  מאת אורי רוזנברג","Hebrew literature, writing, memoirs, collective memory, author blog, Israeli writer, Uri Rosenberg, personal essays, nostalgic writing, literary collection","prrozza.com | \
נוֹשָׁנוֹת | פכים קטנים ועניינים שונים מתוך כתבים ישנים. הבסטה שלי בשוק הפשפשים של הזיכרון הקולקטיבי. _____  מאת אורי רוזנברג | Hebrew literature, writing, memoirs, collective memory, author blog, Israeli writer, Uri Rosenberg, personal essays, nostalgic writing, literary collection"
mail.srmr.ac.in,Books & Literature,Books & Literature,free books library and manuals-https://mail.srmr.ac.in,"free books, digital library, manuals, educational resources, online books, academic materials, literature collection, reading resources","mail.srmr.ac.in | free books library and manuals-https://mail.srmr.ac.in | free books, digital library, manuals, educational resources, online books, academic materials, literature collection, reading resources"
aprendejaponeshoy.com,Books & Literature,Reference,aprende japonés hoy. librería especializada en idioma japonés. - aprende japonés hoy,"Japanese language learning, Japanese textbooks, language books, Japanese study materials, bookstore, online bookstore, Japanese education, language learning resources, Japanese literature, Madrid bookstore","aprendejaponeshoy.com | aprende japonés hoy. librería especializada en idioma japonés. - aprende japonés hoy | Japanese language learning, Japanese textbooks, language books, Japanese study materials, bookstore, online bookstore, Japanese education, language learning resources, Japanese literature, Madrid bookstore"
boekhandelheijink.nl,Books & Literature,Books & Literature,uw boekwinkel in hardenberg! | boekhandel heijink,"bookstore, books, literature, hobby supplies, office supplies, retail, Hardenberg, Netherlands, local bookshop, stationery","boekhandelheijink.nl | uw boekwinkel in hardenberg! | boekhandel heijink | bookstore, books, literature, hobby supplies, office supplies, retail, Hardenberg, Netherlands, local bookshop, stationery"
startupstash.com,Business & Industrial,Business & Industrial,startup stash - a curated directory of tools and resources for your startup,"startup tools, business resources, entrepreneur directory, startup software, business development, productivity tools, startup community, business planning, venture resources, startup ecosystem","startupstash.com | startup stash - a curated directory of tools and resources for your startup | startup tools, business resources, entrepreneur directory, startup software, business development, productivity tools, startup community, business planning, venture resources, startup ecosystem"
toitmat.be,Business & Industrial,Business & Industrial,"bienvenue - matériaux de construction toitmat - courtrai, oostkamp, gand, tournai, frameries & nivelles","construction materials, roofing, facades, insulation, aluminum fabrication, zinc work, building supplies, construction company, Belgium, commercial construction","toitmat.be | bienvenue - matériaux de construction toitmat - courtrai, oostkamp, gand, tournai, frameries & nivelles | construction materials, roofing, facades, insulation, aluminum fabrication, zinc work, building supplies, construction company, Belgium, commercial construction"
lexoffice.de,Business & Industrial,Finance,lexoffice - buchhaltung online mit software von lexware,"accounting, bookkeeping, invoicing, business software, financial management, online accounting, billing, tax compliance, business administration, enterprise software","lexoffice.de | lexoffice - buchhaltung online mit software von lexware | accounting, bookkeeping, invoicing, business software, financial management, online accounting, billing, tax compliance, business administration, enterprise software"
hhmai.com,Business & Industrial,Law & Government,好惠买采购网:浙江国技互联信息技术有限公司,"procurement, purchasing, wholesale, B2B marketplace, supply chain, sourcing, business trading, industrial procurement, vendor management, corporate purchasing","hhmai.com | 好惠买采购网:浙江国技互联信息技术有限公司 | procurement, purchasing, wholesale, B2B marketplace, supply chain, sourcing, business trading, industrial procurement, vendor management, corporate purchasing"
kbt.co.uk,Business & Industrial,Business & Industrial,kbt fabrics | fabric trade | fabric wholesale | fabric import and export | free delivery,"wholesale fabrics, fabric trade, textile wholesale, fabric import export, upholstery fabrics, outdoor fabrics, canvas fabrics, cotton fabrics, fabric samples, textile business","kbt.co.uk | kbt fabrics | fabric trade | fabric wholesale | fabric import and export | free delivery | wholesale fabrics, fabric trade, textile wholesale, fabric import export, upholstery fabrics, outdoor fabrics, canvas fabrics, cotton fabrics, fabric samples, textile business"
view.flipdocs.com,Computers & Electronics,Computers & Electronics,,"document viewer, file sharing, online documents, PDF viewer, document management, cloud storage, file hosting, digital documents, document presentation, web-based viewer","view.flipdocs.com | document viewer, file sharing, online documents, PDF viewer, document management, cloud storage, file hosting, digital documents, document presentation, web-based viewer"
pcforman.com,Computers & Electronics,Shopping,피씨포맨,"custom PC, computer assembly, PC building, computer components, gaming PC, desktop computers, hardware store, computer parts, PC specialist, electronics retail","pcforman.com | 피씨포맨 | custom PC, computer assembly, PC building, computer components, gaming PC, desktop computers, hardware store, computer parts, PC specialist, electronics retail"
product.myprice.cn,Computers & Electronics,Internet & Telecom,myprice产品库_it产品导购_报价_促销,"product catalog, IT products, price comparison, shopping guide, promotions, electronics, technology, deals, consumer electronics, product reviews","product.myprice.cn | myprice产品库_it产品导购_报价_促销 | product catalog, IT products, price comparison, shopping guide, promotions, electronics, technology, deals, consumer electronics, product reviews"
forums.iobit.com,Computers & Electronics,Computers & Electronics,forums - iobit forum,"software forum, computer optimization, system utilities, technical support, IObit products, PC maintenance, software discussion, user community, troubleshooting, technology","forums.iobit.com | forums - iobit forum | software forum, computer optimization, system utilities, technical support, IObit products, PC maintenance, software discussion, user community, troubleshooting, technology"
iranlaptopparts.com,Computers & Electronics,Computers & Electronics,لپ تاپ پارت-پخش قطعات لپ تاپ و تبلت - لپ تاپ پارت,"laptop parts, tablet parts, computer components, adapters, batteries, LED screens, DVD writers, hard drives, RAM, motherboards, keyboards, hinges, cooling fans, wholesale retail","iranlaptopparts.com | لپ تاپ پارت-پخش قطعات لپ تاپ و تبلت - لپ تاپ پارت | laptop parts, tablet parts, computer components, adapters, batteries, LED screens, DVD writers, hard drives, RAM, motherboards, keyboards, hinges, cooling fans, wholesale retail"
moneysites.online,Finance,Business & Industrial,money sites,"finance, money, professional finance, financial services, investment, business finance, financial solutions, wealth management, financial planning","moneysites.online | money sites | finance, money, professional finance, financial services, investment, business finance, financial solutions, wealth management, financial planning"
gupiao778.com,Finance,Finance,股票知识_炒股教程_零基础学炒股 | 778股票学习网,"stock trading, investment education, stock market, financial learning, trading tutorials, stock analysis, investment knowledge, securities, financial education, stock basics","gupiao778.com | 股票知识_炒股教程_零基础学炒股 | 778股票学习网 | stock trading, investment education, stock market, financial learning, trading tutorials, stock analysis, investment knowledge, securities, financial education, stock basics"
financialexpress.com,Finance,Business & Industrial,"business news: business news india, business news today, latest finance news, business news live - the financial express | the financial express","business news, finance news, stock market, share market, IPO updates, banking, insurance, BSE, NSE, stock prices, financial news","financialexpress.com | business news: business news india, business news today, latest finance news, business news live - the financial express | the financial express | business news, finance news, stock market, share market, IPO updates, banking, insurance, BSE, NSE, stock prices, financial news"
vpoiskezaima.ru,Finance,Finance,▷ займы онлайн 💰 | рейтинг мфо 2022 года от впоискезайма,"online loans, microfinance, quick loans, financial services, credit comparison, instant money, loan rating, financial institutions, emergency loans, cash advance","vpoiskezaima.ru | ▷ займы онлайн 💰 | рейтинг мфо 2022 года от впоискезайма | online loans, microfinance, quick loans, financial services, credit comparison, instant money, loan rating, financial institutions, emergency loans, cash advance"
financefuel.net,Finance,Finance,,"finance, financial advice, money management, investment tips, personal finance, budgeting, wealth building, financial planning, economic news, financial education","financefuel.net | finance, financial advice, money management, investment tips, personal finance, budgeting, wealth building, financial planning, economic news, financial education"
vvmarket.in.ua,Food & Drink,Food & Drink,"vv market, сеть магазинов прямо рядом","alcohol store, liquor shop, wine, vodka, whiskey, cognac, bakery, coffee, beer, beverages, retail chain","vvmarket.in.ua | vv market, сеть магазинов прямо рядом | alcohol store, liquor shop, wine, vodka, whiskey, cognac, bakery, coffee, beer, beverages, retail chain"
jommakanlife.com,Food & Drink,Food & Drink,jom.makan.life.,"food, eating, lifestyle, Malaysian cuisine, dining, restaurant reviews, food blog, culinary experiences, meal recommendations, food culture","jommakanlife.com | jom.makan.life. | food, eating, lifestyle, Malaysian cuisine, dining, restaurant reviews, food blog, culinary experiences, meal recommendations, food culture"
madewithnestle.ca,Food & Drink,Food & Drink,"nestlé brands' products, recipes and news | made with nestlé canada","nestle, food products, recipes, meals, snacks, nutrition, canada, cooking, ingredients, food brands","madewithnestle.ca | nestlé brands' products, recipes and news | made with nestlé canada | nestle, food products, recipes, meals, snacks, nutrition, canada, cooking, ingredients, food brands"
water.com,Food & Drink,Food & Drink,water.com bottled water | delivery service,"bottled water, water delivery, home delivery, office water, drinking water, beverages, coffee, tea, water service, hydration","water.com | water.com bottled water | delivery service | bottled water, water delivery, home delivery, office water, drinking water, beverages, coffee, tea, water service, hydration"
lindenthalerin.com,Food & Drink,Food & Drink,koch & backblog köln thermomix® - foodblog | dinkel-rezepte,"cooking, baking, thermomix, spelt flour, recipes, food blog, german cuisine, kitchen appliance, healthy baking, meal preparation","lindenthalerin.com | koch & backblog köln thermomix® - foodblog | dinkel-rezepte | cooking, baking, thermomix, spelt flour, recipes, food blog, german cuisine, kitchen appliance, healthy baking, meal preparation"
aprcasino.com,Games,Games,"【카지노사이트 | 바카라사이트】우리카지노,메리트카지노,샌즈카지노,파라오카지노","casino, baccarat, online gambling, card games, betting, gaming site, casino games, poker, slots, gambling platform","aprcasino.com | 【카지노사이트 | 바카라사이트】우리카지노,메리트카지노,샌즈카지노,파라오카지노 | casino, baccarat, online gambling, card games, betting, gaming site, casino games, poker, slots, gambling platform"
ssafreestylers.com,Games,Games,ssafreestylers.com,"gambling, betting, casino games, online gaming, poker, sports betting, gaming sites, wagering, lottery, gambling reviews","ssafreestylers.com | ssafreestylers.com | gambling, betting, casino games, online gaming, poker, sports betting, gaming sites, wagering, lottery, gambling reviews"
besttwbr.web.app,Games,Internet & Telecom,スーパースマッシュブラザーズwii u pcダウンロードエミュレーター - besttwbr.web.app,"Super Smash Brothers, Wii U, PC download, emulator, ROM games, arcade games, gaming, Nintendo, video games, retro gaming","besttwbr.web.app | スーパースマッシュブラザーズwii u pcダウンロードエミュレーター - besttwbr.web.app | Super Smash Brothers, Wii U, PC download, emulator, ROM games, arcade games, gaming, Nintendo, video games, retro gaming"
stormlibrarywabi.web.app,Games,Internet & Telecom,xbox 360 download apk - stormlibrarywabi.web.app,"xbox 360, emulator, android gaming, mobile games, console gaming, smartphone gaming, APK download, gaming apps, xbox games, mobile emulation","stormlibrarywabi.web.app | xbox 360 download apk - stormlibrarywabi.web.app | xbox 360, emulator, android gaming, mobile games, console gaming, smartphone gaming, APK download, gaming apps, xbox games, mobile emulation"
netfilesgeuy.web.app,Games,Internet & Telecom,飛行機mod 1.7.10をダウンロード - netfilesgeuy.web.app,"minecraft, helicopter mod, aircraft mod, game modifications, gaming downloads, minecraft mods, flight simulator, gaming content, mod distribution","netfilesgeuy.web.app | 飛行機mod 1.7.10をダウンロード - netfilesgeuy.web.app | minecraft, helicopter mod, aircraft mod, game modifications, gaming downloads, minecraft mods, flight simulator, gaming content, mod distribution"
sildenafil247.us.com,Health,Games,sildenafil247.us.com - insects arthropods arachnids blogs,"sildenafil, erectile dysfunction, medication, pharmacy, prescription drugs, medical treatment, health supplements, online pharmacy, men's health","sildenafil247.us.com | sildenafil247.us.com - insects arthropods arachnids blogs | sildenafil, erectile dysfunction, medication, pharmacy, prescription drugs, medical treatment, health supplements, online pharmacy, men's health"
lumosity.com,Health,Games,lumosity brain training: challenge & improve your mind,"brain training, cognitive exercises, memory games, mental fitness, neuroscience, brain health, cognitive improvement, mind training, intelligence games, mental performance","lumosity.com | lumosity brain training: challenge & improve your mind | brain training, cognitive exercises, memory games, mental fitness, neuroscience, brain health, cognitive improvement, mind training, intelligence games, mental performance"
farmaciaplazadelsanto.es,Health,Beauty & Fitness,"tienda online, farmacia y parafarmacia venta online","online pharmacy, parapharmacy, healthcare products, medical treatments, pharmaceutical sales, health store, medicine, wellness products, prescription drugs, healthcare shopping","farmaciaplazadelsanto.es | tienda online, farmacia y parafarmacia venta online | online pharmacy, parapharmacy, healthcare products, medical treatments, pharmaceutical sales, health store, medicine, wellness products, prescription drugs, healthcare shopping"
juknisdakbkkbnblog.wordpress.com,Health,Internet & Telecom,"juknis dak bkkbn blog | produsen dan distributor penyalur alat kesehatan – furniture hospital – produk juknis dak bkkbn 2020 seperti obgyn bed, kie kit kkb (family kit), lemari alokon, genre bkr kit, iud kit, implan removal kit, bkb & ape kit, sarana plkb, ppkbd/ sub-ppkbd, lansia bkl kit, ppkbd kit, narkotika, psikotropika, apotik, rs, klinik, puskesmas, neytlpjavn_9-a4t2crpeyzzdnw, almari, scrub station 2 person, phantom, alat peraga, kebidanan, keperawatan, poltekkes, kemenkes, posyandu, general doctor. call us : mobile : 0821-2552-6000 / 0813-1590-4286 ( tn. elfian effendi ) or office : 0213912905","medical equipment, hospital furniture, healthcare supplies, family planning, gynecology bed, medical kits, contraceptive supplies, healthcare distribution, medical instruments, Indonesia healthcare","juknisdakbkkbnblog.wordpress.com | juknis dak bkkbn blog | produsen dan distributor penyalur alat kesehatan – furniture hospital – produk juknis dak bkkbn 2020 seperti obgyn bed, kie kit kkb (family kit), lemari alokon, genre bkr kit,  | medical equipment, hospital furniture, healthcare supplies, family planning, gynecology bed, medical kits, contraceptive supplies, healthcare distribution, medical instruments, Indonesia healthcare"
turkcerrahi.com,Health,Health,genel & laparoskopik cerrahi sitesi,"surgery, laparoscopic surgery, medical articles, medical education, surgical videos, medical dictionary, general surgery, healthcare, medical training, surgical procedures","turkcerrahi.com | genel & laparoskopik cerrahi sitesi | surgery, laparoscopic surgery, medical articles, medical education, surgical videos, medical dictionary, general surgery, healthcare, medical training, surgical procedures"
mimosefeltros.com.br,Hobbies & Leisure,Arts & Entertainment,mimos e feltros,"felt crafts, handmade items, crafting supplies, DIY projects, felt toys, craft tutorials, sewing materials, hobby crafts, artisan goods, creative projects","mimosefeltros.com.br | mimos e feltros | felt crafts, handmade items, crafting supplies, DIY projects, felt toys, craft tutorials, sewing materials, hobby crafts, artisan goods, creative projects"
vanoudedingen.nl,Hobbies & Leisure,Home & Garden,van oude dingen,"antiques, vintage items, collectibles, old objects, nostalgic goods, retro merchandise, classic items, historical artifacts, second-hand treasures, heritage products","vanoudedingen.nl | van oude dingen | antiques, vintage items, collectibles, old objects, nostalgic goods, retro merchandise, classic items, historical artifacts, second-hand treasures, heritage products"
models.sssnnnbbb.com,Hobbies & Leisure,Shopping,models.sssnnnbbb.com - 模型生活,"models, model building, scale models, hobby models, miniatures, collectibles, modeling lifestyle, model enthusiasts, craft hobbies, recreational modeling","models.sssnnnbbb.com | models.sssnnnbbb.com - 模型生活 | models, model building, scale models, hobby models, miniatures, collectibles, modeling lifestyle, model enthusiasts, craft hobbies, recreational modeling"
distribuciones.aeromodelismoserpa.es,Hobbies & Leisure,Shopping,distribuciones aeromodelismo serpa,"aeromodeling, model aircraft, remote control planes, hobby shop, RC models, aviation models, model kits, hobby supplies, radio control","distribuciones.aeromodelismoserpa.es | distribuciones aeromodelismo serpa | aeromodeling, model aircraft, remote control planes, hobby shop, RC models, aviation models, model kits, hobby supplies, radio control"
za.pinterest.com,Hobbies & Leisure,Online Communities,pinterest,"pinterest, social media, recipes, home decor, style inspiration, DIY projects, craft ideas, lifestyle, creative inspiration, visual discovery","za.pinterest.com | pinterest | pinterest, social media, recipes, home decor, style inspiration, DIY projects, craft ideas, lifestyle, creative inspiration, visual discovery"
bastion-ukraine.com,Home & Garden,Home & Garden,салон-магазин бастион - межкомнатные и входные двери харьков,"interior doors, entrance doors, door salon, door shop, home improvement, door installation, door delivery, Kharkiv, home doors, residential doors","bastion-ukraine.com | салон-магазин бастион - межкомнатные и входные двери харьков | interior doors, entrance doors, door salon, door shop, home improvement, door installation, door delivery, Kharkiv, home doors, residential doors"
megabathrooms.com,Home & Garden,Home & Garden,megabathrooms.com,"bathroom, suites, showers, baths, basins, vanity units, taps, toilets, online shop, home improvement","megabathrooms.com | megabathrooms.com | bathroom, suites, showers, baths, basins, vanity units, taps, toilets, online shop, home improvement"
tubaydo.com,Home & Garden,Home & Garden,trang chủ | tủ bày đồ,"display cabinet, furniture, home decor, storage solutions, showcase, interior design, home organization, Vietnamese furniture","tubaydo.com | trang chủ | tủ bày đồ | display cabinet, furniture, home decor, storage solutions, showcase, interior design, home organization, Vietnamese furniture"
falbala-luminaires.com,Home & Garden,Home & Garden,cables textile pour création déco lumière - falbala luminaires,"textile cables, decorative lighting, lamp restoration, lighting components, interior decoration, luminaires, lighting fixtures, home decor, electrical accessories, decorative elements","falbala-luminaires.com | cables textile pour création déco lumière - falbala luminaires | textile cables, decorative lighting, lamp restoration, lighting components, interior decoration, luminaires, lighting fixtures, home decor, electrical accessories, decorative elements"
dasapartmentliving.de,Home & Garden,Home & Garden,das apartment living | alles rund ums wohnen,"furniture, home decor, textiles, dinnerware, interior design, living, modern furniture, country style, home accessories, housewares","dasapartmentliving.de | das apartment living | alles rund ums wohnen | furniture, home decor, textiles, dinnerware, interior design, living, modern furniture, country style, home accessories, housewares"
atudvikling.dk,Internet & Telecom,Business & Industrial,at udvikling – endnu en wordpress-blog,"wordpress, blog, development, danish website, content management, web development, personal blog, online publishing, website creation, blogging platform","atudvikling.dk | at udvikling – endnu en wordpress-blog | wordpress, blog, development, danish website, content management, web development, personal blog, online publishing, website creation, blogging platform"
directoryroll.com,Internet & Telecom,People & Society,directoryroll.com – directoryroll.com,"directory, web directory, website listing, online directory, link directory, business directory, internet services, web services, website submission, directory listing","directoryroll.com | directoryroll.com – directoryroll.com | directory, web directory, website listing, online directory, link directory, business directory, internet services, web services, website submission, directory listing"
allconnect.com,Internet & Telecom,Internet & Telecom,allconnect.com: find internet & tv providers near you | 844-845-3968,"internet providers, TV providers, broadband comparison, telecommunications, cable services, internet plans, provider search, home connectivity, telecom services, internet deals","allconnect.com | allconnect.com: find internet & tv providers near you | 844-845-3968 | internet providers, TV providers, broadband comparison, telecommunications, cable services, internet plans, provider search, home connectivity, telecom services, internet deals"
timeweb.com,Internet & Telecom,Computers & Electronics,ddos-guard,"ddos protection, web security, cyber defense, network security, hosting services, server protection, internet infrastructure, cloud security, web hosting, telecom services","timeweb.com | ddos-guard | ddos protection, web security, cyber defense, network security, hosting services, server protection, internet infrastructure, cloud security, web hosting, telecom services"
phpbb.de,Internet & Telecom,Online Communities,phpbb.de - willkommen auf phpbb.de,"phpbb, forum software, bulletin board, web development, php, community platform, discussion forum, open source, website hosting, content management","phpbb.de | phpbb.de - willkommen auf phpbb.de | phpbb, forum software, bulletin board, web development, php, community platform, discussion forum, open source, website hosting, content management"
hoctap24h.vn,Jobs & Education,Jobs & Education,"cộng đồng học tập 24h, học,học mọi lúc, học mọi nơi.","learning community, education, online learning, study, Vietnamese education, 24/7 learning, educational platform, students, academic resources, distance learning","hoctap24h.vn | cộng đồng học tập 24h, học,học mọi lúc, học mọi nơi. | learning community, education, online learning, study, Vietnamese education, 24/7 learning, educational platform, students, academic resources, distance learning"
nxhh.net,Jobs & Education,Arts & Entertainment,论文发表经验分享_如何发表职称论文,"academic papers, thesis publication, journal services, scholarly publishing, research papers, academic writing, career development, professional journals, publication guidance, academic consultation","nxhh.net | 论文发表经验分享_如何发表职称论文 | academic papers, thesis publication, journal services, scholarly publishing, research papers, academic writing, career development, professional journals, publication guidance, academic consultation"
u-szeged.hu,Jobs & Education,Arts & Entertainment,szegedi tudományegyetem,"university, higher education, Szeged, Hungary, academic institution, students, faculty, research, degrees, enrollment","u-szeged.hu | szegedi tudományegyetem | university, higher education, Szeged, Hungary, academic institution, students, faculty, research, degrees, enrollment"
sorbonne-universite.fr,Jobs & Education,Jobs & Education,sorbonne université,"university, higher education, research, Paris, faculty, medicine, sciences, engineering, letters, multidisciplinary, academic institution","sorbonne-universite.fr | sorbonne université | university, higher education, research, Paris, faculty, medicine, sciences, engineering, letters, multidisciplinary, academic institution"
schooloutlet.com,Jobs & Education,Jobs & Education,school & classroom furniture supply | school outlet,"school furniture, classroom supplies, educational furniture, student desks, school equipment, learning environment, classroom seating, educational resources, school supplies, institutional furniture","schooloutlet.com | school & classroom furniture supply | school outlet | school furniture, classroom supplies, educational furniture, student desks, school equipment, learning environment, classroom seating, educational resources, school supplies, institutional furniture"
marines.mil,Law & Government,Law & Government,"\
	\","marines, military, armed forces, defense, government, national security, military service, recruitment, training, combat","marines.mil | \
	\ | marines, military, armed forces, defense, government, national security, military service, recruitment, training, combat"
worldbank.org,Law & Government,People & Society,"world bank group - international development, poverty, & sustainability","world bank, international development, poverty reduction, sustainability, global finance, economic development, member countries, international partnership, development projects, financial assistance","worldbank.org | world bank group - international development, poverty, & sustainability | world bank, international development, poverty reduction, sustainability, global finance, economic development, member countries, international partnership, development projects, financial assistance"
familiefamilienrecht.wordpress.com,Law & Government,Internet & Telecom,familie    &   familienrecht | familie familienrecht family law germany austria youth office – father österreich deutschland schweiz eltern kinder entfremdung doppelresidenz gemeinsames sorgerecht jugendamt obsorge kesb trennung väter umgangsrecht alleinerziehende italia papa scheidung mutter jugendwohlfahrt parental alienation pas besuchsrecht unterhalt kindesentführung pädophile missbrauch gleichstellung frauenpolitik feminismus gender justiz familienpolitik familienministerin juliane bogner-strauß väter suizid – vaterlose gesellschaft parents children custody welfare  dad divorce mother  child abduction pedophile abuse equality woman politics feminism gender justice family policy fathers suicide fatherless society child welfare pas child abduction reproductive medicine violence left leaks family law shared parenting,"family law, custody rights, parental alienation, divorce, child custody, legal rights, fathers rights, family court, legal advice, Germany Austria","familiefamilienrecht.wordpress.com | familie    &   familienrecht | familie familienrecht family law germany austria youth office – father österreich deutschland schweiz eltern kinder entfremdung doppelresidenz gemeinsames sorgerecht jug | family law, custody rights, parental alienation, divorce, child custody, legal rights, fathers rights, family court, legal advice, Germany Austria"
portaltransparencia.cl,Law & Government,Law & Government,portada - portal de transparencia del estado de chile,"government transparency, public information access, Chilean state portal, law 20285, public administration, government accountability, transparency law, citizen access, public records, government services","portaltransparencia.cl | portada - portal de transparencia del estado de chile | government transparency, public information access, Chilean state portal, law 20285, public administration, government accountability, transparency law, citizen access, public records, government services"
private-investigator-northamptonshire.co.uk,Law & Government,Law & Government,private investigator northamptonshire|affordable private investigator costs,"private investigator, detective services, investigation, surveillance, legal services, security, background checks, forensic investigation, private detective, investigative services","private-investigator-northamptonshire.co.uk | private investigator northamptonshire|affordable private investigator costs | private investigator, detective services, investigation, surveillance, legal services, security, background checks, forensic investigation, private detective, investigative services"
rtvslo.si,News,News,rtvslo.si - najboljši splet vsebin,"news, media, Slovenia, multimedia portal, current events, culture, sports, entertainment, information, broadcasting","rtvslo.si | rtvslo.si - najboljši splet vsebin | news, media, Slovenia, multimedia portal, current events, culture, sports, entertainment, information, broadcasting"
noamazonaseassim.com,News,Arts & Entertainment,"no amazonas é assim - notícias, entretenimento e regionalismo do amazonas e do mundo.","news, entertainment, regional culture, Amazonas, Brazil, portal, headlines, local news, regional content, media","noamazonaseassim.com | no amazonas é assim - notícias, entretenimento e regionalismo do amazonas e do mundo. | news, entertainment, regional culture, Amazonas, Brazil, portal, headlines, local news, regional content, media"
brito.id,News,News,berita jambi terkini  - brito.id,"Jambi news, Indonesian news, local news, current events, regional journalism, breaking news, Jambi province, Indonesia media, daily updates, community news","brito.id | berita jambi terkini  - brito.id | Jambi news, Indonesian news, local news, current events, regional journalism, breaking news, Jambi province, Indonesia media, daily updates, community news"
marathi.latestly.com,News,News,"latestly मराठी‎ | ताज्या मराठी बातम्या | breaking news live | today’s headlines in marathi | current affairs | मराठी बातम्या from maharashtra, india & around the world at लेटेस्टली","marathi news, breaking news, current affairs, maharashtra news, india news, world news, sports news, entertainment news, lifestyle, technology","marathi.latestly.com | latestly मराठी‎ | ताज्या मराठी बातम्या | breaking news live | today’s headlines in marathi | current affairs | मराठी बातम्या from maharashtra, india & around the world at लेटेस्टली | marathi news, breaking news, current affairs, maharashtra news, india news, world news, sports news, entertainment news, lifestyle, technology"
primonumero.it,News,Arts & Entertainment,primonumero.it - notizie da termoli campobasso molise,"news, local news, Termoli, Campobasso, Molise, Italy, regional news, Italian journalism, current events, local information","primonumero.it | primonumero.it - notizie da termoli campobasso molise | news, local news, Termoli, Campobasso, Molise, Italy, regional news, Italian journalism, current events, local information"
blog.puriri.nz,Online Communities,People & Society,little notes from heather and martin,"personal blog, lifestyle, family, diary, personal stories, life updates, couple blog, New Zealand, daily life, personal experiences","blog.puriri.nz | little notes from heather and martin | personal blog, lifestyle, family, diary, personal stories, life updates, couple blog, New Zealand, daily life, personal experiences"
plisi.org,Online Communities,Law & Government,plisi.org • qeshqip,"Albanian, community, social platform, discussion, forum, networking, cultural, language, communication, interaction","plisi.org | plisi.org • qeshqip | Albanian, community, social platform, discussion, forum, networking, cultural, language, communication, interaction"
kommonsentsjane.com,Online Communities,Sensitive Subjects,"\
kommonsentsjane | this wordpress.com site is the bee's knees","blog, personal website, WordPress, community, opinions, commentary, lifestyle, personal thoughts, social commentary, online presence","kommonsentsjane.com | \
kommonsentsjane | this wordpress.com site is the bee's knees | blog, personal website, WordPress, community, opinions, commentary, lifestyle, personal thoughts, social commentary, online presence"
meritum-poznan.pl,Online Communities,Online Communities,blog | a blog about different stuff all around,"blog, personal blog, general topics, miscellaneous content, blogging platform, various subjects, online diary, personal website, content sharing, general interest","meritum-poznan.pl | blog | a blog about different stuff all around | blog, personal blog, general topics, miscellaneous content, blogging platform, various subjects, online diary, personal website, content sharing, general interest"
myptt.cc,Online Communities,Business & Industrial,ç±éçæ¿ |  ptt ç¶²é ç,"PTT, bulletin board system, online forum, Taiwan community, discussion board, social networking, message board, internet community, web portal","myptt.cc | ç±éçæ¿ |  ptt ç¶²é ç | PTT, bulletin board system, online forum, Taiwan community, discussion board, social networking, message board, internet community, web portal"
mammafelice.it,People & Society,People & Society,"mamma felice: creatività, gravidanza, ricette, montessori.","parenting, motherhood, pregnancy, children activities, crafts, DIY, recipes, Montessori education, creativity, family life","mammafelice.it | mamma felice: creatività, gravidanza, ricette, montessori. | parenting, motherhood, pregnancy, children activities, crafts, DIY, recipes, Montessori education, creativity, family life"
auf-akk.de,People & Society,Autos & Vehicles,arbeitskreis umwelt und frieden (auf) akk | auf-akk.de,"environmental group, peace activism, local politics, community organization, municipal representatives, press releases, proposals, Wiesbaden, grassroots movement, civic engagement","auf-akk.de | arbeitskreis umwelt und frieden (auf) akk | auf-akk.de | environmental group, peace activism, local politics, community organization, municipal representatives, press releases, proposals, Wiesbaden, grassroots movement, civic engagement"
jarmila09.wordpress.com,People & Society,Internet & Telecom,"\ to dla pamięci \"" | blog o wspomnieniach""","memories, personal blog, reminiscence, life stories, nostalgia, reflections, experiences, diary, memoir, recollections","jarmila09.wordpress.com | \ to dla pamięci \"" | blog o wspomnieniach"" | memories, personal blog, reminiscence, life stories, nostalgia, reflections, experiences, diary, memoir, recollections"
ffstein.at,People & Society,Law & Government,freiwillige feuerwehr stein bei loipersdorf -,"volunteer fire department, fire brigade, emergency services, community safety, firefighting, rescue services, local community, public safety, emergency response, civic organization","ffstein.at | freiwillige feuerwehr stein bei loipersdorf - | volunteer fire department, fire brigade, emergency services, community safety, firefighting, rescue services, local community, public safety, emergency response, civic organization"
georgesarant.com,People & Society,News,george sarant,"personal website, individual profile, george sarant, personal brand, biography, portfolio, professional profile, individual identity, personal presence","georgesarant.com | george sarant | personal website, individual profile, george sarant, personal brand, biography, portfolio, professional profile, individual identity, personal presence"
toprailequine.com.au,Pets & Animals,Shopping,toprail equine – ash bridles – western bridles – polo – polocrosse,"equine, horse bridles, western bridles, polo equipment, polocrosse gear, horse tack, equestrian supplies, riding equipment, horse accessories, saddle accessories","toprailequine.com.au | toprail equine – ash bridles – western bridles – polo – polocrosse | equine, horse bridles, western bridles, polo equipment, polocrosse gear, horse tack, equestrian supplies, riding equipment, horse accessories, saddle accessories"
omtshop.hu,Pets & Animals,Hobbies & Leisure,allattenyesztes - omt-vetpoint - omtshop.hu,"animal breeding, livestock, veterinary supplies, pet products, animal husbandry, farm animals, animal care, veterinary equipment, pet shop, animal nutrition","omtshop.hu | allattenyesztes - omt-vetpoint - omtshop.hu | animal breeding, livestock, veterinary supplies, pet products, animal husbandry, farm animals, animal care, veterinary equipment, pet shop, animal nutrition"
garnelenshop-bayern.de,Pets & Animals,Pets & Animals,garnelengarten | aquaristik/terraristik fachhandel,"aquarium, terrarium, shrimp, fish keeping, aquascaping, pet supplies, aquatic plants, reptile supplies, custom aquariums, aquarium accessories","garnelenshop-bayern.de | garnelengarten | aquaristik/terraristik fachhandel | aquarium, terrarium, shrimp, fish keeping, aquascaping, pet supplies, aquatic plants, reptile supplies, custom aquariums, aquarium accessories"
psicolmascot.blogspot.com,Pets & Animals,Online Communities,psicolmascot,"dog training, canine psychology, dog behavior, pet training courses, dog trainer, canine ethology, veterinary, animal behavior, dog obedience, pet care","psicolmascot.blogspot.com | psicolmascot | dog training, canine psychology, dog behavior, pet training courses, dog trainer, canine ethology, veterinary, animal behavior, dog obedience, pet care"
horse-and-rider.de,Pets & Animals,Hobbies & Leisure,alles für pferd und reiter online und in luhmühlen,"equestrian, horse riding, equestrian equipment, riding gear, horse supplies, equestrian shop, horseback riding, equestrian sports, riding accessories, horse care","horse-and-rider.de | alles für pferd und reiter online und in luhmühlen | equestrian, horse riding, equestrian equipment, riding gear, horse supplies, equestrian shop, horseback riding, equestrian sports, riding accessories, horse care"
guoyangfang.com,Real Estate,Real Estate,涡阳房产网,"real estate, property, housing, apartments, home prices, floor plans, property listings, residential, commercial real estate, property search","guoyangfang.com | 涡阳房产网 | real estate, property, housing, apartments, home prices, floor plans, property listings, residential, commercial real estate, property search"
barnes-international.com,Real Estate,Real Estate,"barnes, acteur de l’immobilier de luxe à l'international","luxury real estate, international property, prestige homes, premium properties, high-end real estate, exclusive listings, luxury homes, international realty, upscale properties, premium real estate","barnes-international.com | barnes, acteur de l’immobilier de luxe à l'international | luxury real estate, international property, prestige homes, premium properties, high-end real estate, exclusive listings, luxury homes, international realty, upscale properties, premium real estate"
2com.com,Real Estate,Internet & Telecom,domain for sale | 2com.com,"domain name, domain sale, premium domain, top level domain, domain marketplace, digital real estate, domain investment, web address, URL for sale, domain broker","2com.com | domain for sale | 2com.com | domain name, domain sale, premium domain, top level domain, domain marketplace, digital real estate, domain investment, web address, URL for sale, domain broker"
nn.gxhouse.com,Real Estate,Real Estate,åå®ä½æç½-åå®æ¿äº§ç½ãåå®æ¿å°äº§ä¿¡æ¯ç½ãåå®ä¹°æ¿ç½ãåå®æ¿å°äº§é¨æ·ç½ç«ãåå®æ¿ä»·ãåå®æ¥¼çãåå®æ¥¼å¸ã-ä½æç½ ä¹°æ¿åæ¿å¥½å¸®æ,"real estate, property, housing, home buying, rental, apartment, house prices, property market, real estate portal, property listings","nn.gxhouse.com | åå®ä½æç½-åå®æ¿äº§ç½ãåå®æ¿å°äº§ä¿¡æ¯ç½ãåå®ä¹°æ¿ç½ãåå®æ¿å°äº§é¨æ·ç½ç«ãåå®æ¿ä»·ãåå®æ¥¼çãåå®æ¥¼å¸ã-ä½æç½ ä¹°æ¿åæ¿å¥½å¸®æ | real estate, property, housing, home buying, rental, apartment, house prices, property market, real estate portal, property listings"
evrealestate.com,Real Estate,Real Estate,engel & völkers americas: global recognition. local expertise.,"luxury real estate, property sales, global real estate network, real estate services, property marketing, real estate agents, luxury properties, real estate technology, property investment, real estate brokerage","evrealestate.com | engel & völkers americas: global recognition. local expertise. | luxury real estate, property sales, global real estate network, real estate services, property marketing, real estate agents, luxury properties, real estate technology, property investment, real estate brokerage"
baibeike.com,Reference,Reference,百百课-新华字典|康熙字典|汉语字典|成语字典|字典在线查字|汉字组词,"Chinese dictionary, character lookup, Kangxi dictionary, Xinhua dictionary, idiom dictionary, word formation, online dictionary, Chinese characters, language learning, educational reference","baibeike.com | 百百课-新华字典|康熙字典|汉语字典|成语字典|字典在线查字|汉字组词 | Chinese dictionary, character lookup, Kangxi dictionary, Xinhua dictionary, idiom dictionary, word formation, online dictionary, Chinese characters, language learning, educational reference"
philosophicalanthropology.net,Reference,Reference,philosophical anthropology,"philosophical anthropology, human nature, philosophy, empirical research, holistic approach, anthropology, academic study, humanities, theoretical framework, interdisciplinary","philosophicalanthropology.net | philosophical anthropology | philosophical anthropology, human nature, philosophy, empirical research, holistic approach, anthropology, academic study, humanities, theoretical framework, interdisciplinary"
portulan.ru,Reference,Travel,портулан,"navigation, maritime charts, maps, sailing, nautical reference, cartography, portolan charts, marine navigation, geography, historical maps","portulan.ru | портулан | navigation, maritime charts, maps, sailing, nautical reference, cartography, portolan charts, marine navigation, geography, historical maps"
allencyclopedia.ru,Reference,Business & Industrial,большая советская энциклопедия,"encyclopedia, soviet encyclopedia, reference material, knowledge base, educational resource, russian reference, comprehensive encyclopedia, information database, academic reference, educational content","allencyclopedia.ru | большая советская энциклопедия | encyclopedia, soviet encyclopedia, reference material, knowledge base, educational resource, russian reference, comprehensive encyclopedia, information database, academic reference, educational content"
attestupor.com,Reference,Hobbies & Leisure,listan | huvudsakliga ättestupor i sverige,"Sweden, historical sites, cultural heritage, ancient monuments, archaeological sites, Swedish history, landmarks, genealogy, ancestry, reference guide","attestupor.com | listan | huvudsakliga ättestupor i sverige | Sweden, historical sites, cultural heritage, ancient monuments, archaeological sites, Swedish history, landmarks, genealogy, ancestry, reference guide"
theethicalskeptic.com,Science,People & Society,"the ethical skeptic - challenging pseudo-skepticism, its agency and cultivated ignorance","skepticism, scientific method, critical thinking, epistemology, pseudo-science, ethical inquiry, philosophy of science, research methodology, gnosis, evidence-based reasoning","theethicalskeptic.com | the ethical skeptic - challenging pseudo-skepticism, its agency and cultivated ignorance | skepticism, scientific method, critical thinking, epistemology, pseudo-science, ethical inquiry, philosophy of science, research methodology, gnosis, evidence-based reasoning"
quantumawareness.net,Science,People & Society,"quantum awareness where science and the buddha meet | are buddhists, neuroscientists, and quantum physicists saying the same thing in different languages? let's finally bring the three together and have an enlightening discussion.","quantum physics, Buddhism, neuroscience, consciousness, spirituality, enlightenment, meditation, scientific research, philosophy, mind-body connection","quantumawareness.net | quantum awareness where science and the buddha meet | are buddhists, neuroscientists, and quantum physicists saying the same thing in different languages? let's finally bring the three together and ha | quantum physics, Buddhism, neuroscience, consciousness, spirituality, enlightenment, meditation, scientific research, philosophy, mind-body connection"
eric-forum.eu,Science,Law & Government,- about the eric forum,"ERIC forum, research infrastructure, scientific community, best practices, strategic development, European research, collaboration, critical challenges, scientific cooperation, research management","eric-forum.eu | - about the eric forum | ERIC forum, research infrastructure, scientific community, best practices, strategic development, European research, collaboration, critical challenges, scientific cooperation, research management"
joaquinbarroso.com,Science,Science,"dr. joaquin barroso's blog | scientific log of a computational chemist – \make like a molecule and react!\""""","computational chemistry, scientific blog, molecular research, chemistry, scientist, academic research, chemical reactions, molecules, scientific log, Dr. Joaquin Barroso","joaquinbarroso.com | dr. joaquin barroso's blog | scientific log of a computational chemist – \make like a molecule and react!\"""" | computational chemistry, scientific blog, molecular research, chemistry, scientist, academic research, chemical reactions, molecules, scientific log, Dr. Joaquin Barroso"
ieee.org,Science,Science,ieee - the world's largest technical professional organization dedicated to advancing technology for the benefit of humanity.,"engineering, technology, professional organization, technical standards, research, innovation, electrical engineering, computer science, telecommunications, scientific publications","ieee.org | ieee - the world's largest technical professional organization dedicated to advancing technology for the benefit of humanity. | engineering, technology, professional organization, technical standards, research, innovation, electrical engineering, computer science, telecommunications, scientific publications"
nonudepreteens.org,Sensitive Subjects,Online Communities,nonudeteens,"inappropriate content, youth-focused, potentially harmful, concerning domain, suspicious website","nonudepreteens.org | nonudeteens | inappropriate content, youth-focused, potentially harmful, concerning domain, suspicious website"
lepouvoirmondial.com,Sensitive Subjects,Arts & Entertainment,le pouvoir mondial aux peuples,"conspiracy theories, new world order, political activism, anti-establishment, alternative politics, global power, resistance movement, political dissent","lepouvoirmondial.com | le pouvoir mondial aux peuples | conspiracy theories, new world order, political activism, anti-establishment, alternative politics, global power, resistance movement, political dissent"
caliphate1.com,Sensitive Subjects,People & Society,the caliphate – ﷽,"caliphate, Islamic state, religion, politics, ideology, governance, Islamic law, religious authority, political movement, theological discussion","caliphate1.com | the caliphate – ﷽ | caliphate, Islamic state, religion, politics, ideology, governance, Islamic law, religious authority, political movement, theological discussion"
yourkampf.com,Sensitive Subjects,Games,your kampf,"controversial content, political commentary, sensitive topics, historical references, ideological content","yourkampf.com | your kampf | controversial content, political commentary, sensitive topics, historical references, ideological content"
s87946671.onlinehome.us,Sensitive Subjects,Arts & Entertainment,hacked by m4g!c_mun5h!… | just another wordpress site,"hacked website, cybersecurity breach, defaced site, security vulnerability, unauthorized access, website compromise, hacking incident, digital security","s87946671.onlinehome.us | hacked by m4g!c_mun5h!… | just another wordpress site | hacked website, cybersecurity breach, defaced site, security vulnerability, unauthorized access, website compromise, hacking incident, digital security"
gakkikaitori.co.jp,Shopping,Arts & Entertainment,【楽器の買取屋さん】ギター・ベース・管楽器・dj機器を高額買取,"musical instruments, guitar, bass, wind instruments, DJ equipment, buying service, cash for instruments, instrument resale, music gear, second-hand instruments","gakkikaitori.co.jp | 【楽器の買取屋さん】ギター・ベース・管楽器・dj機器を高額買取 | musical instruments, guitar, bass, wind instruments, DJ equipment, buying service, cash for instruments, instrument resale, music gear, second-hand instruments"
onsalemall.co,Shopping,Shopping,سوق التخفيضات (on sale mall),"discount mall, online shopping, sales, promotions, marketplace, retail, bargains, deals, e-commerce, shopping center","onsalemall.co | سوق التخفيضات (on sale mall) | discount mall, online shopping, sales, promotions, marketplace, retail, bargains, deals, e-commerce, shopping center"
netprice.lv,Shopping,Food & Drink,veikals netprice.lv,"online store, retail, shopping, e-commerce, products, Latvia, marketplace, goods, sales, commercial","netprice.lv | veikals netprice.lv | online store, retail, shopping, e-commerce, products, Latvia, marketplace, goods, sales, commercial"
secondwow.co.uk,Shopping,Shopping,"search for second hand, used and refurbished products | secondwow","second hand, used products, refurbished goods, pre-owned items, cars, fashion, electronics, furniture, bikes, baby products, marketplace, classified ads","secondwow.co.uk | search for second hand, used and refurbished products | secondwow | second hand, used products, refurbished goods, pre-owned items, cars, fashion, electronics, furniture, bikes, baby products, marketplace, classified ads"
print-nn.ru,Shopping,Shopping,print nice new - одежда с крутыми принтами,"custom printing, t-shirts, clothing, apparel, sweatshirts, graphic prints, online store, fashion, personalized clothing, merchandise","print-nn.ru | print nice new - одежда с крутыми принтами | custom printing, t-shirts, clothing, apparel, sweatshirts, graphic prints, online store, fashion, personalized clothing, merchandise"
roadtrailrun.com,Sports,Shopping,road trail run,"running, trail running, road running, marathon, athletics, fitness, outdoor sports, endurance, racing, jogging","roadtrailrun.com | road trail run | running, trail running, road running, marathon, athletics, fitness, outdoor sports, endurance, racing, jogging"
fantic26.de,Sports,Arts & Entertainment,fantic26 funsport gmbh,"cycling, fun sports, stunt scooter, longboard, skateboard, roller skates, water sports, winter sports, recreational activities, extreme sports","fantic26.de | fantic26 funsport gmbh | cycling, fun sports, stunt scooter, longboard, skateboard, roller skates, water sports, winter sports, recreational activities, extreme sports"
bluegolf.com,Sports,Sports,"find, follow and register for golf events | bluegolf","golf tournaments, golf events, tournament registration, amateur golf, professional golf, junior golf, golf competition, sports events, golf scheduling","bluegolf.com | find, follow and register for golf events | bluegolf | golf tournaments, golf events, tournament registration, amateur golf, professional golf, junior golf, golf competition, sports events, golf scheduling"
bcm-surfpatrol.com,Sports,Sports,"\
波情報 サーフィン bcm\","surfing, wave information, wave forecast, beach cameras, live video, weather information, surf conditions, ocean sports, marine weather, surf reports","bcm-surfpatrol.com | \
波情報 サーフィン bcm\ | surfing, wave information, wave forecast, beach cameras, live video, weather information, surf conditions, ocean sports, marine weather, surf reports"
bike-street.com,Sports,Shopping,bikestreet,"bicycle equipment, cycling gear, sports equipment, bike accessories, online sports store, cycling apparel, bicycle parts, athletic gear, sporting goods, bike shop","bike-street.com | bikestreet | bicycle equipment, cycling gear, sports equipment, bike accessories, online sports store, cycling apparel, bicycle parts, athletic gear, sporting goods, bike shop"
aftercamping.com.au,Travel,Hobbies & Leisure,after camping,"camping, outdoor recreation, travel, adventure, nature, wilderness, hiking, outdoors, camping gear, camping tips","aftercamping.com.au | after camping | camping, outdoor recreation, travel, adventure, nature, wilderness, hiking, outdoors, camping gear, camping tips"
redpinadventures.com,Travel,Travel,red pin adventures | an expat's photo blog… adding red pins to our travel map!,"travel blog, expat, photography, travel map, adventure, destinations, travel experiences, photo journal, wanderlust, exploration","redpinadventures.com | red pin adventures | an expat's photo blog… adding red pins to our travel map! | travel blog, expat, photography, travel map, adventure, destinations, travel experiences, photo journal, wanderlust, exploration"
dover-port.worlddutyfree.com,Travel,Travel,ferries port duty free | | duty free shops,"duty free shopping, ferry port, travel retail, Dover port, tax free goods, airport shopping, passenger services, travel merchandise, international travel, border shopping","dover-port.worlddutyfree.com | ferries port duty free | | duty free shops | duty free shopping, ferry port, travel retail, Dover port, tax free goods, airport shopping, passenger services, travel merchandise, international travel, border shopping"
strand-urlaub-ostsee.de,Travel,Travel,"ferienhausvermietung butzug - ostsee ferienhaus und ferienwohnung schönberger strand, brasilien, kalifornien, hohenfelde","vacation rental, holiday home, Baltic Sea, beach accommodation, Germany travel, seaside vacation, apartment rental, coastal tourism, holiday apartment, beach house","strand-urlaub-ostsee.de | ferienhausvermietung butzug - ostsee ferienhaus und ferienwohnung schönberger strand, brasilien, kalifornien, hohenfelde | vacation rental, holiday home, Baltic Sea, beach accommodation, Germany travel, seaside vacation, apartment rental, coastal tourism, holiday apartment, beach house"
landal.de,Travel,Travel,ferienhäuser in der natur - landal greenparks,"vacation homes, holiday parks, nature resorts, vacation rentals, family holidays, outdoor recreation, mountain retreats, coastal accommodations, green tourism, leisure travel","landal.de | ferienhäuser in der natur - landal greenparks | vacation homes, holiday parks, nature resorts, vacation rentals, family holidays, outdoor recreation, mountain retreats, coastal accommodations, green tourism, leisure travel"
